<?xml version="1.1" ?>
<settings>
    <global>
        <Bards>
            <joachim>
                <emperean_armor_bonus>0</emperean_armor_bonus>
                <gjallarhorn>false</gjallarhorn>
                <jp>
                    <minne>0</minne>
                    <minuet>0</minuet>
                </jp>
                <merits>
                    <madrigal>0</madrigal>
                    <minne>0</minne>
                    <minuet>0</minuet>
                </merits>
                <song_bonus>
                    <all_songs>0</all_songs>
                    <ballad>0</ballad>
                    <carol>0</carol>
                    <etude>0</etude>
                    <madrigal>0</madrigal>
                    <mambo>0</mambo>
                    <march>0</march>
                    <mazurka>0</mazurka>
                    <minne>0</minne>
                    <minuet>0</minuet>
                    <paeon>0</paeon>
                    <prelude>0</prelude>
                </song_bonus>
            </joachim>
            <ulmia>
                <emperean_armor_bonus>0</emperean_armor_bonus>
                <gjallarhorn>false</gjallarhorn>
                <jp>
                    <minne>0</minne>
                    <minuet>0</minuet>
                </jp>
                <merits>
                    <madrigal>0</madrigal>
                    <minne>0</minne>
                    <minuet>0</minuet>
                </merits>
                <song_bonus>
                    <all_songs>0</all_songs>
                    <ballad>0</ballad>
                    <carol>0</carol>
                    <etude>0</etude>
                    <madrigal>0</madrigal>
                    <mambo>0</mambo>
                    <march>0</march>
                    <mazurka>0</mazurka>
                    <minne>0</minne>
                    <minuet>0</minuet>
                    <paeon>0</paeon>
                    <prelude>0</prelude>
                </song_bonus>
            </ulmia>
        </Bards>
        <Cors>
            <qultada>0</qultada>
        </Cors>
        <Geos>
            <Sylvie>0</Sylvie>
        </Geos>
        <display>
            <pos>
                <x>1535</x>
                <y>47</y>
            </pos>
        </display>
        <image_folder_name>custom1</image_folder_name>
        <player>
            <rank>1</rank>
            <show_COR_messages>true</show_COR_messages>
            <show_DW_Stuff>true</show_DW_Stuff>
            <show_Defence>true</show_Defence>
            <show_Evasion>true</show_Evasion>
            <show_MA_Stuff>false</show_MA_Stuff>
            <show_STP>true</show_STP>
            <show_acc_Stuff>true</show_acc_Stuff>
            <show_att_Stuff>true</show_att_Stuff>
            <show_dt_Stuff>true</show_dt_Stuff>
            <show_logo>false</show_logo>
            <show_total_haste>true</show_total_haste>
            <show_tp_Stuff>true</show_tp_Stuff>
            <update_gs>false</update_gs>
        </player>
    </global>
</settings>
